name,price
Samsung Galaxy S22 Ultra 5G,
Samsung Galaxy S22 Plus 5G,
Samsung Galaxy S22 5G,
Samsung Galaxy S23 5G,
Samsung Galaxy S23 FE 5G,
Samsung Galaxy S23 Ultra 5G,
Samsung Galaxy S23 Plus 5G,
Samsung Galaxy S24 5G,
Samsung Galaxy S24 Ultra 5G,
Samsung Galaxy S24 Plus 5G,
Samsung Galaxy Z Fold 5 (2024),
Samsung Galaxy Tab S8 Plus,
Samsung Galaxy Z Fold 4 (2023),
Samsung Galaxy Tab S7,
Samsung Galaxy Tab S7 FE,
Samsung Galaxy Fold (2019),
Samsung Galaxy Tab S7 Plus,
Samsung Galaxy S21 5G,
iPhone 15 Pro Max,
iPhone 15 Pro,
iPhone 15 Plus,
iPhone 15,
iPhone SE 3ra Gen,
iPhone 14,
iPhone 14 Plus,
iPhone 14 Pro,
iPhone 14 Pro Max,
iPhone 13 Pro,
iPhone 13 Pro Max,
iPhone 13 Mini,
iPhone 13,
iPhone 12 Pro,
iPhone 12,
iPhone 12 Mini,
iPhone 12 Pro Max,
iPhone XR,
Apple Watch SE,
Apple Watch Series 6,
Apple Watch SE 2da Gen,
Apple Watch Series 7,
Apple Watch SE 2da Gen GPS + Cellular,
Apple Watch Series 8,
APPLE WATCH SERIES 8 GPS + CELLULAR,
Apple Watch Series 9,
Apple Watch Ultra GPS + Cellular,
Huawei P30 Lite,
Motorola Moto E7,
Xiaomi Redmi Note 8,
Huawei Y6 (2019),
Xiaomi Redmi Note 9 Pro,
Xiaomi Poco M3,
Xiaomi Redmi Note 10 Pro,
Vivo Y51,
Vivo Y21s,
Vivo Y53S,
Vivo Y33S,
Vivo V21,
Motorola Moto G8 Power Lite,
Xiaomi 11 Lite 5G NE,
Xiaomi Redmi Note 10S,
Motorola Moto G20,
Motorola Moto G60S,
Motorola Moto Edge 30,
Motorola Moto G22,
Motorola Moto Edge 20 Lite,
Xiaomi Redmi Note 11,
Xiaomi 11T Pro,
Xiaomi Mi 11 Lite 5G,
Motorola Moto G41,
Samsung Galaxy M54 5G (2023),
Samsung Galaxy S21 FE 5G,
Samsung Galaxy A54 5G (2023),
Samsung Galaxy A52S (2021),
Samsung Galaxy Tab S6 Lite,
Samsung Galaxy M23 (2022),
Samsung Galaxy S20 FE,
Samsung Galaxy A24 (2023),
Samsung Galaxy A51 (2019),
Samsung Galaxy A32 (2021),
Samsung Galaxy A13 (2022),
Samsung Galaxy A05,
Samsung Galaxy Note 20,
Samsung Galaxy S20 Plus,
Samsung Galaxy A20 (2019),
Samsung Galaxy A31 (2020),
Samsung Galaxy A04S,
Samsung Galaxy A03,
iPhone 11 Pro Max,
iPhone 11 Pro,
iPhone 11,
iPhone SE 2da Gen,
Motorola Moto G52,
Motorola Moto Edge 30 Neo,
Xiaomi 11T,
Motorola Moto Edge 20 Pro,
Xiaomi Poco M3 Pro 5G,
Vivo V25,
Oppo Reno 5 Lite,
Xiaomi Redmi Note 11S,
Xiaomi Mi 10T Pro,
Xiaomi 12 Lite,
Motorola Moto Edge 30 Ultra,
Xiaomi 12T,
Xiaomi Redmi Note 12 Pro Plus,
Motorola Moto Edge 40,
Motorola Moto G72,
Xiaomi Redmi Note 12,
Xiaomi 12 Pro,
Honor 90 Lite,
Honor X7,
Honor X7a,
Vivo Y22s,
Vivo Y35,
Vivo Y36,
Vivo V25 Pro,
Samsung Galaxy A05S,
Samsung Galaxy S20,
Samsung Galaxy A03 Core,
Samsung Galaxy A22 (2021),
Samsung Galaxy S10E,
Samsung Galaxy A33 5G (2022),
Samsung Galaxy A34 5G (2023),
Samsung Galaxy A14 (2023),
Samsung Galaxy A9 (2018),
Samsung Galaxy A30S (2019),
Samsung Galaxy Z Flip 4,
Samsung Galaxy A21S (2020),
Samsung Galaxy S21 Ultra 5G,
Samsung Galaxy S8 Plus,
Samsung Galaxy Note 10 Lite,
Samsung Galaxy Note 9,
Samsung Galaxy Note 10,
Samsung Galaxy Note 10 Plus,
Xiaomi Redmi A3,
Motorola Moto E13,
Oppo A57,
Oppo A79,
Vivo V30,
Vivo V30 Lite,
Honor X8b,
Oppo Reno 11,
Motorola Moto Edge 40 Neo,
Honor X6a,
Oppo A58,
Oppo A78,
Oppo Reno 10,
Vivo V25E,
Xiaomi 13T,
Honor X6,
Vivo V30 SE,
Xiaomi Redmi 9T,
Xiaomi Mi 11 Lite,
Samsung Galaxy A30 (2019),
Samsung Galaxy Note 20 Ultra,
Samsung Galaxy S21 Plus 5G,
Samsung Galaxy S10 Plus,
Samsung Galaxy A53 (2022),
Samsung Galaxy A71 (2019),
Samsung Galaxy M31 (2020),
